City_ID,City,Country,Lat,Lng,Max Temp,Humidity,Cloudiness,Wind Speed,Weather Description
0,Rikitea,PF,-23.1203,-134.9692,74.7,80,8,14.29,clear sky
1,Los Llanos De Aridane,ES,28.6585,-17.9182,60.55,86,75,5.75,broken clouds
2,Sauda,NO,59.6506,6.3542,32.68,72,2,5.91,clear sky
3,Jamestown,US,42.097,-79.2353,36.99,76,100,10.36,overcast clouds
4,Albany,US,42.6001,-73.9662,38.88,61,26,1.99,scattered clouds
5,La Paz,BO,-16.5,-68.15,46.38,75,20,9.22,few clouds
6,Chokurdakh,RU,70.6333,147.9167,-24.65,99,60,9.86,broken clouds
7,Nikolskoye,RU,59.7035,30.7861,22.91,87,100,8.39,overcast clouds
8,Clyde River,CA,70.4692,-68.5914,-15.47,80,1,4.5,clear sky
9,Kruisfontein,ZA,-34.0033,24.7314,60.89,77,100,2.44,overcast clouds
10,Chuy,UY,-33.6971,-53.4616,65.14,96,86,3.4,overcast clouds
11,Bulawayo,ZW,-20.15,28.5833,68.36,58,4,6.85,clear sky
12,Quelimane,MZ,-17.8786,36.8883,73.35,88,20,3.44,few clouds
13,Belmonte,BR,-15.8631,-38.8828,73.29,90,99,6.26,overcast clouds
14,Nesterov,RU,54.6306,22.5714,28.65,93,100,9.1,overcast clouds
15,Nizhneudinsk,RU,54.9076,99.0276,10.26,73,98,1.45,overcast clouds
16,Lagoa,PT,39.05,-27.9833,59.65,72,15,29.64,few clouds
17,Sitka,US,57.0531,-135.33,30.09,80,0,6.91,clear sky
18,Saint-Philippe,RE,-21.3585,55.7679,78.39,82,91,7.38,overcast clouds
19,Awjilah,LY,29.1081,21.2869,56.08,65,50,7.85,scattered clouds
20,Mount Gambier,AU,-37.8333,140.7667,85.57,23,100,10.87,overcast clouds
21,Xuddur,SO,4.1213,43.8894,71.28,80,6,15.79,clear sky
22,Vagay,RU,57.9375,69.0217,9.72,95,100,5.68,light snow
23,Longyearbyen,SJ,78.2186,15.6401,28.24,74,75,12.66,broken clouds
24,Tuktoyaktuk,CA,69.4541,-133.0374,8.6,85,100,27.63,light snow
25,Umm Kaddadah,SD,13.6017,26.6876,64.87,33,3,15.23,clear sky
26,Port Shepstone,ZA,-30.7414,30.455,67.17,81,100,3.8,overcast clouds
27,New Norfolk,AU,-42.7826,147.0587,66.7,35,100,4.88,light rain
28,Kahului,US,20.8947,-156.47,76.96,81,40,26.46,scattered clouds
29,Kodiak,US,57.79,-152.4072,26.11,80,0,5.75,clear sky
30,Samarai,PG,-10.6167,150.6667,84.63,70,86,14.65,overcast clouds
31,Soanierana Ivongo,MG,-16.9167,49.5833,78.82,83,50,0.58,light rain
32,Kapaa,US,22.0752,-159.319,80.58,76,40,10.36,scattered clouds
33,Fairbanks,US,64.8378,-147.7164,28.36,94,100,0.0,mist
34,Tuy Hoa,VN,13.0833,109.3,79.16,86,92,12.19,moderate rain
35,Mataura,NZ,-46.1927,168.8643,58.51,65,100,8.9,overcast clouds
36,Ponta Do Sol,PT,32.6667,-17.1,62.71,79,55,11.21,moderate rain
37,Mecca,SA,21.4267,39.8261,74.77,76,82,3.31,broken clouds
38,Klaksvik,FO,62.2266,-6.589,41.92,93,100,5.21,overcast clouds
39,Vaini,TO,-21.2,-175.2,84.36,84,75,9.22,broken clouds
40,Carnarvon,AU,-24.8667,113.6333,76.44,62,7,12.77,clear sky
41,Thompson,CA,55.7435,-97.8558,-29.04,68,20,0.0,few clouds
42,Palana,RU,59.1167,159.9667,8.19,80,81,12.26,broken clouds
43,Yulara,AU,-25.2406,130.9889,99.91,9,0,11.12,clear sky
44,Bredasdorp,ZA,-34.5322,20.0403,54.99,70,8,1.07,clear sky
45,Hermanus,ZA,-34.4187,19.2345,57.58,69,30,4.25,scattered clouds
46,Port Elizabeth,ZA,-33.918,25.5701,63.32,86,100,4.61,overcast clouds
47,Guapi,CO,2.5708,-77.8854,72.41,95,60,4.5,light rain
48,Manakara,MG,-22.1333,48.0167,74.1,90,95,2.06,overcast clouds
49,Khatanga,RU,71.9667,102.5,7.84,80,100,22.66,snow
50,Marquette,US,46.5333,-87.6335,11.77,64,55,10.07,broken clouds
51,Saldanha,ZA,-33.0117,17.9442,55.45,75,32,18.54,scattered clouds
52,Kavieng,PG,-2.5744,150.7967,81.34,77,100,6.46,overcast clouds
53,Ushuaia,AR,-54.8,-68.3,38.86,87,100,8.05,light rain
54,Tasiilaq,GL,65.6145,-37.6368,33.96,96,100,10.4,light snow
55,Dikson,RU,73.5069,80.5464,28.92,97,100,22.93,snow
56,Mahebourg,MU,-20.4081,57.7,79.25,78,40,6.91,scattered clouds
57,Massaguet,TD,12.4755,15.4365,79.56,19,71,16.49,broken clouds
58,Jimeta,NG,9.2833,12.4667,74.62,32,20,0.16,few clouds
59,Punta Arenas,CL,-53.15,-70.9167,42.91,70,40,17.27,scattered clouds
60,Saint George,US,37.1041,-113.5841,52.39,50,0,4.0,clear sky
61,Castro,BR,-24.7911,-50.0119,63.52,96,100,3.15,light rain
62,Lebu,CL,-37.6167,-73.65,54.21,91,5,9.86,clear sky
63,Tomigusuku,JP,26.185,127.675,81.14,80,20,6.91,few clouds
64,Mateus Leme,BR,-19.9864,-44.4278,64.72,94,100,5.32,overcast clouds
65,Broome,US,42.2506,-75.833,36.68,64,100,17.27,overcast clouds
66,Yumen,CN,40.2833,97.2,19.38,73,66,4.59,broken clouds
67,Airai,TL,-8.9266,125.4092,78.96,38,89,1.41,overcast clouds
68,Mehamn,NO,71.0357,27.8492,22.95,80,37,10.36,scattered clouds
69,Nemuro,JP,43.3236,145.575,35.71,58,59,19.84,broken clouds
70,Butaritari,KI,3.0707,172.7902,81.16,78,37,12.26,light rain
71,Mar Del Plata,AR,-38.0023,-57.5575,60.82,94,0,8.05,clear sky
72,Hobart,AU,-42.8794,147.3294,67.05,70,75,10.36,light rain
73,Saskylakh,RU,71.9167,114.0833,14.38,88,100,26.28,overcast clouds
74,Kenai,US,60.5544,-151.2583,17.69,86,0,4.61,clear sky
75,Cape Town,ZA,-33.9258,18.4232,60.91,71,20,11.5,few clouds
76,Karratha,AU,-20.7377,116.8463,97.32,30,1,14.45,clear sky
77,Ilulissat,GL,69.2167,-51.1,24.82,74,40,9.22,scattered clouds
78,Ambilobe,MG,-13.2,49.05,78.08,74,1,4.63,clear sky
79,Katobu,ID,-4.9408,122.5276,87.71,57,99,2.17,overcast clouds
80,Praia Da Vitoria,PT,38.7333,-27.0667,59.76,88,75,30.38,broken clouds
81,Georgetown,MY,5.4112,100.3354,84.88,81,20,4.61,few clouds
82,Daru,PG,-9.0763,143.2092,86.63,58,84,10.45,broken clouds
83,Tiksi,RU,71.6872,128.8694,-9.15,90,100,17.96,overcast clouds
84,Tsalka,GE,41.5946,44.0891,24.58,97,100,4.47,light snow
85,Ribeira Grande,PT,38.5167,-28.7,58.77,78,75,20.0,broken clouds
86,Barrow,US,71.2906,-156.7887,1.42,85,0,11.5,clear sky
87,Arman,RU,59.7,150.1667,1.24,81,100,8.75,overcast clouds
88,Hambantota,LK,6.1241,81.1185,79.14,100,40,3.44,scattered clouds
89,Busselton,AU,-33.65,115.3333,73.96,47,46,12.68,scattered clouds
90,Arraial Do Cabo,BR,-22.9661,-42.0278,72.73,91,98,27.09,overcast clouds
91,Salinas,US,36.6777,-121.6555,55.99,89,100,5.75,moderate rain
92,Dalbandin,PK,28.8947,64.4101,53.15,33,0,5.01,clear sky
93,Verkhoyansk,RU,67.5447,133.385,-10.88,99,100,4.09,overcast clouds
94,Touros,BR,-5.1989,-35.4608,78.04,75,18,13.62,few clouds
95,Lompoc,US,34.6391,-120.4579,61.21,94,100,9.22,overcast clouds
96,Nanortalik,GL,60.1432,-45.2371,22.93,77,3,11.16,clear sky
97,Aklavik,CA,68.2191,-135.0107,9.14,81,81,20.51,broken clouds
98,Puerto Ayora,EC,-0.7393,-90.3518,67.55,98,62,5.99,broken clouds
99,Kaitangata,NZ,-46.2817,169.8464,59.47,64,100,11.97,overcast clouds
100,Port Alfred,ZA,-33.5906,26.891,62.19,92,100,1.99,overcast clouds
101,Deputatskiy,RU,69.3,139.9,-15.99,97,100,4.36,overcast clouds
102,Usinsk,RU,65.9939,57.5281,-3.91,100,94,4.25,overcast clouds
103,Pakxan,LA,18.3778,103.6601,84.87,54,69,3.44,broken clouds
104,Gornopravdinsk,RU,60.05,69.9,13.75,96,99,6.17,overcast clouds
105,Vrangel,RU,42.7297,133.0839,17.24,45,14,17.45,few clouds
106,Bethel,US,41.3712,-73.414,46.49,60,75,9.22,broken clouds
107,Clinton,US,42.587,-82.9199,30.88,72,40,10.36,scattered clouds
108,Katsuura,JP,35.1333,140.3,62.8,56,52,17.81,broken clouds
109,Coahuayana,MX,18.7333,-103.6833,74.98,89,66,2.75,broken clouds
110,San Lorenzo,PY,-25.3333,-57.5333,77.94,88,10,0.0,clear sky
111,Maarianhamina,AX,60.0973,19.9348,28.26,80,75,3.44,broken clouds
112,Cidreira,BR,-30.1811,-50.2056,70.97,97,100,3.02,overcast clouds
113,Yeppoon,AU,-23.1333,150.7333,82.18,62,8,9.98,clear sky
114,Craig,US,40.5153,-107.5464,29.82,68,100,0.0,overcast clouds
115,Taoudenni,ML,22.6783,-3.9836,66.78,21,0,1.9,clear sky
116,Anchorage,US,61.2181,-149.9003,26.67,89,0,0.0,mist
117,Atuona,PF,-9.8,-139.0333,77.9,78,4,15.93,clear sky
118,Bereda,ES,43.2686,-7.5406,34.41,100,13,1.21,few clouds
119,Itarema,BR,-2.9248,-39.9167,79.18,78,23,16.02,few clouds
120,Ambunti,PG,-4.2365,142.8448,82.9,71,100,4.27,overcast clouds
121,Nome,US,64.5011,-165.4064,33.87,93,100,16.11,mist
122,Den Helder,NL,52.9599,4.7593,33.98,82,100,15.01,haze
123,Bundaberg,AU,-24.85,152.35,80.22,64,64,5.99,broken clouds
124,Cherdyn,RU,60.403,56.4787,6.01,97,100,5.35,overcast clouds
125,Kimbe,PG,-5.5502,150.1429,85.28,72,77,5.01,light rain
126,Matagami,CA,49.7502,-77.6328,8.71,85,100,14.97,overcast clouds
127,Bluff,NZ,-46.6,168.3333,52.86,90,100,20.51,light rain
128,Mananjary,MG,-21.2167,48.3333,76.53,84,48,6.15,scattered clouds
129,Taphan Hin,TH,16.2209,100.4198,88.97,64,68,1.25,broken clouds
130,Hay River,CA,60.8156,-115.7999,30.18,74,100,19.57,overcast clouds
131,Tabou,CI,4.423,-7.3528,76.41,87,100,6.2,overcast clouds
132,Itaituba,BR,-4.2761,-55.9836,73.58,99,99,1.52,overcast clouds
133,Hilo,US,19.7297,-155.09,76.28,88,100,9.22,overcast clouds
134,Merrill,US,45.1805,-89.6835,11.97,76,0,5.75,clear sky
135,Cherskiy,RU,68.75,161.3,4.69,97,100,7.45,light snow
136,Marinette,US,45.1,-87.6307,18.09,51,91,11.65,overcast clouds
137,Esmeraldas,BR,-19.7625,-44.3139,67.06,95,100,7.52,overcast clouds
138,Paso De Carrasco,UY,-34.8603,-56.0522,68.95,88,0,0.0,clear sky
139,Norman Wells,CA,65.282,-126.8329,24.84,63,100,28.77,overcast clouds
140,San Quintin,MX,30.4833,-115.95,63.37,70,100,2.84,overcast clouds
141,Poum,NC,-20.2333,164.0167,79.0,84,100,11.77,light rain
142,Port Macquarie,AU,-31.4333,152.9167,74.89,61,43,8.72,scattered clouds
143,Atar,MR,20.5169,-13.0499,63.28,26,0,4.85,clear sky
144,Tautira,PF,-17.7333,-149.15,79.27,82,7,17.85,clear sky
145,Biltine,TD,14.5333,20.9167,68.04,16,7,12.86,clear sky
146,Juigalpa,NI,12.1063,-85.3645,72.61,89,35,9.64,scattered clouds
147,Erice,IT,38.037,12.5865,52.27,77,0,6.38,clear sky
148,Zhigalovo,RU,54.8097,105.1578,5.76,82,100,6.78,overcast clouds
149,Camacha,PT,33.0833,-16.3333,58.42,77,20,10.36,few clouds
150,Lorengau,PG,-2.0226,147.2712,81.54,82,88,11.79,light rain
151,Scottsbluff,US,41.8666,-103.6672,33.12,75,0,5.75,clear sky
152,Esperance,AU,-33.8667,121.9,67.86,67,96,20.92,overcast clouds
153,Lata,PT,40.1629,-8.3327,48.07,88,94,2.98,overcast clouds
154,Berlevag,NO,70.8578,29.0864,23.0,79,32,6.91,scattered clouds
155,Caravelas,BR,-17.7125,-39.2481,71.87,95,100,4.27,light rain
156,Male,MV,4.1748,73.5089,80.55,83,75,4.61,heavy intensity rain
157,Guayanilla,PR,18.0191,-66.7918,75.11,81,13,3.69,few clouds
158,Areka,ET,7.0667,37.7,57.47,57,89,5.64,overcast clouds
159,Bathsheba,BB,13.2167,-59.5167,79.41,90,20,9.22,light rain
160,Constitucion,CL,-35.3333,-72.4167,55.76,70,39,11.23,scattered clouds
161,Ancud,CL,-41.8697,-73.8203,51.69,92,64,3.4,broken clouds
162,Fasa,IR,28.9383,53.6482,40.24,70,0,0.0,clear sky
163,Torbay,CA,47.6666,-52.7314,33.58,80,75,6.91,broken clouds
164,Altay,CN,47.8667,88.1167,10.56,68,17,5.77,few clouds
165,Baker City,US,44.7749,-117.8344,11.91,85,0,4.76,clear sky
166,Pisco,PE,-13.7,-76.2167,65.01,82,20,0.0,few clouds
167,Port-Cartier,CA,50.0334,-66.8654,39.42,100,100,2.95,heavy intensity rain
168,Husavik,IS,66.0449,-17.3389,30.72,77,4,11.68,clear sky
169,Tairua,NZ,-37.0167,175.85,72.07,47,0,2.77,clear sky
170,Gravdal,NO,68.1214,13.5031,37.06,74,100,14.58,overcast clouds
171,Saint-Joseph,RE,-21.3667,55.6167,77.38,79,83,8.84,broken clouds
172,Aksu,CN,41.1231,80.2644,24.96,23,100,1.95,overcast clouds
173,Brawley,US,32.9787,-115.5303,57.42,72,0,5.75,clear sky
174,Coron,PH,11.9986,120.2043,86.92,61,100,9.1,overcast clouds
175,Chumikan,RU,54.7183,135.315,-12.01,78,63,22.19,broken clouds
176,Dvinskoy,RU,62.1535,45.1175,8.44,96,73,2.98,broken clouds
177,Jalu,LY,29.0331,21.5482,55.85,69,54,7.49,broken clouds
178,Havoysund,NO,70.9963,24.6622,28.63,77,26,8.86,scattered clouds
179,Ahipara,NZ,-35.1667,173.1667,65.5,62,3,8.97,clear sky
180,Manokwari,ID,-0.8667,134.0833,79.59,80,99,2.06,overcast clouds
181,Avarua,CK,-21.2078,-159.775,82.45,83,100,6.91,overcast clouds
182,Qaanaaq,GL,77.484,-69.3632,-0.83,88,100,4.09,overcast clouds
183,Matara,LK,5.9485,80.5353,80.78,75,98,5.14,overcast clouds
184,Yishui,CN,35.7847,118.6281,35.55,31,100,10.47,overcast clouds
185,Flin Flon,CA,54.7682,-101.865,2.59,97,100,5.82,overcast clouds
186,Rossland,CA,49.0831,-117.8022,4.96,97,55,3.74,broken clouds
187,Zuwarah,LY,32.9312,12.082,62.73,33,0,6.62,clear sky
188,Atambua,ID,-9.1061,124.8925,85.96,51,47,4.88,scattered clouds
189,Gayeri,BF,12.6497,0.4931,75.69,27,58,6.13,broken clouds
190,Keti Bandar,PK,24.1447,67.4497,73.74,27,0,10.92,clear sky
191,Chifeng,CN,42.2683,118.9636,18.86,25,3,11.61,clear sky
192,Medina,SA,24.4686,39.6142,70.23,60,0,0.0,clear sky
193,Batticaloa,LK,7.7102,81.6924,80.67,76,75,4.45,broken clouds
194,Bardiyah,LY,31.7561,25.0865,60.94,75,0,3.89,clear sky
195,Tilichiki,RU,60.4667,166.1,-0.29,88,12,6.93,few clouds
196,Yellowknife,CA,62.456,-114.3525,28.92,100,100,20.71,light snow
197,Faanui,PF,-16.4833,-151.75,80.89,77,19,17.9,few clouds
198,Saint-Pierre,RE,-21.3393,55.4781,79.92,73,20,17.27,few clouds
199,Xining,CN,36.6167,101.7667,24.8,37,100,1.99,overcast clouds
200,Glogow,PL,51.6636,16.0845,34.65,84,100,7.27,overcast clouds
201,Half Moon Bay,US,37.4636,-122.4286,51.87,96,100,5.75,mist
202,Venice,US,27.0998,-82.4543,70.99,82,40,6.91,scattered clouds
203,Dingle,PH,10.9995,122.6711,85.41,71,62,11.54,broken clouds
204,Smithers,CA,54.7804,-127.1743,1.72,78,0,4.61,clear sky
205,East London,ZA,-33.0153,27.9116,61.74,100,100,3.44,mist
206,Moose Factory,CA,51.2585,-80.6094,1.4,78,100,14.97,overcast clouds
207,Grand Gaube,MU,-20.0064,57.6608,79.38,64,14,8.01,few clouds
208,Guiong,PH,6.4186,122.0258,84.13,76,88,2.82,overcast clouds
209,Diamantina,BR,-18.2494,-43.6003,61.21,95,100,7.09,light rain
210,Koumac,NC,-20.5667,164.2833,78.66,83,100,4.59,moderate rain
211,Korla,CN,41.7597,86.1469,26.55,30,90,0.56,overcast clouds
212,Karangasem,ID,-8.45,115.6167,83.48,69,93,2.59,overcast clouds
213,Manjacaze,MZ,-24.7117,33.8828,75.72,85,33,9.1,scattered clouds
214,Barabai,ID,-2.5833,115.3833,87.58,65,99,2.15,heavy intensity rain
215,Luderitz,NA,-26.6481,15.1594,58.1,74,4,13.53,clear sky
216,Tyubuk,RU,56.0552,60.9405,6.75,87,60,11.72,broken clouds
217,Tabuk,PH,17.4189,121.4443,85.62,62,29,3.53,scattered clouds
218,Alice Springs,AU,-23.7,133.8833,94.55,10,0,13.8,clear sky
219,Hithadhoo,MV,-0.6,73.0833,82.76,70,100,10.22,overcast clouds
220,Kutum,SD,14.2,24.6667,57.4,31,4,7.56,clear sky
221,Waipawa,NZ,-41.4122,175.5153,67.14,52,9,2.82,clear sky
222,Pizarro,CO,4.9533,-77.366,74.05,91,27,4.68,light rain
223,Maniitsoq,GL,65.4167,-52.9,27.97,73,100,21.92,overcast clouds
224,Apatou,GF,5.155,-54.3472,71.55,99,99,2.53,overcast clouds
225,Altoona,US,40.5187,-78.3947,36.21,70,33,8.99,scattered clouds
226,Alofi,NU,-19.0595,-169.9187,85.89,70,95,8.05,overcast clouds
227,Chapais,CA,49.7834,-74.8492,15.58,91,100,13.56,overcast clouds
228,Kaeo,NZ,-35.1,173.7833,69.04,59,14,8.41,few clouds
229,Aswan,EG,24.0934,32.907,56.5,47,0,5.75,clear sky
230,Kalikino,RU,52.9493,39.8269,18.88,51,43,7.02,scattered clouds
231,Evans,US,33.5337,-82.1307,61.03,78,0,0.0,clear sky
232,Thinadhoo,MV,0.5333,72.9333,81.72,70,100,8.66,overcast clouds
233,Petropavlovsk-Kamchatskiy,RU,53.0452,158.6483,14.59,92,100,17.9,shower snow
234,Inhambane,MZ,-23.865,35.3833,78.78,94,40,0.65,scattered clouds
235,Puerto Quijarro,BO,-17.7833,-57.7667,70.27,95,100,2.24,overcast clouds
236,Burnie,AU,-41.0667,145.9167,72.95,63,100,5.03,overcast clouds
237,Xichang,CN,27.8964,102.2634,57.88,50,0,3.02,clear sky
238,Cabo San Lucas,MX,22.8909,-109.9124,78.51,74,0,0.0,clear sky
239,Tura,IN,25.5198,90.2201,73.72,55,0,0.58,clear sky
240,Zamora,EC,-4.0692,-78.9567,64.4,98,70,4.65,broken clouds
241,Manicore,BR,-5.8092,-61.3003,72.84,96,93,1.36,overcast clouds
242,Pangnirtung,CA,66.1451,-65.7125,11.35,62,100,11.9,overcast clouds
243,Nuevo Progreso,MX,23.1667,-97.95,73.47,79,4,3.27,clear sky
244,Victoria,HK,22.2855,114.1577,75.25,80,54,11.99,broken clouds
245,Souillac,MU,-20.5167,57.5167,77.38,78,40,6.91,scattered clouds
246,Emmett,US,43.8735,-116.4993,31.17,76,34,8.01,scattered clouds
247,Syasstroy,RU,60.1367,32.5691,24.17,81,100,13.38,overcast clouds
248,Bambous Virieux,MU,-20.3428,57.7575,79.21,78,40,6.91,scattered clouds
249,Isla Vista,US,34.4133,-119.861,61.79,93,100,3.44,overcast clouds
250,Mamallapuram,IN,12.6264,80.1722,82.45,73,100,14.41,overcast clouds
251,San Patricio,US,28.017,-97.5169,69.66,80,100,8.19,overcast clouds
252,Siilinjarvi,FI,63.0833,27.6667,23.02,93,100,3.44,overcast clouds
253,Pokhara,NP,28.2333,83.9833,68.05,34,0,3.91,clear sky
254,Cedar City,US,37.6775,-113.0619,38.37,65,0,0.0,clear sky
255,Vardo,NO,70.3705,31.1107,28.38,86,100,9.22,overcast clouds
256,Axim,GH,4.8699,-2.2405,76.84,87,88,0.43,overcast clouds
257,Kathu,TH,7.9178,98.3332,80.42,85,100,8.97,overcast clouds
258,Marabba,SD,12.35,32.1833,76.12,36,6,11.5,clear sky
259,Okha,RU,53.5739,142.9478,3.92,81,81,20.38,broken clouds
260,Severo-Kurilsk,RU,50.6789,156.125,34.97,78,64,18.19,broken clouds
261,Topolevo,RU,48.4994,135.1975,-1.88,44,3,22.37,clear sky
262,Oskarshamn,SE,57.2645,16.4484,33.98,81,100,10.16,overcast clouds
263,Talavera,PH,15.6167,120.9333,89.06,53,99,5.73,overcast clouds
264,Ban Chang,TH,12.7254,101.0553,85.59,66,40,6.91,scattered clouds
265,Cabral,DO,18.25,-71.2167,72.09,78,1,4.61,clear sky
266,Rawson,AR,-43.3002,-65.1023,67.32,32,45,16.64,scattered clouds
267,Padang,ID,-0.9492,100.3543,75.25,91,100,5.17,moderate rain
268,Quatre Cocos,MU,-20.2078,57.7625,79.09,68,22,10.04,few clouds
269,Kudahuvadhoo,MV,2.6708,72.8944,79.27,80,95,7.0,overcast clouds
270,Shihezi,CN,44.3,86.0333,14.36,88,100,3.71,overcast clouds
271,Australind,AU,-33.2667,115.7167,77.72,41,45,14.32,scattered clouds
272,Steamboat Springs,US,40.485,-106.8317,33.01,93,100,1.01,overcast clouds
273,Fortuna,US,40.5982,-124.1573,49.93,82,100,16.11,light rain
274,Vestmannaeyjar,IS,63.4427,-20.2734,42.64,73,71,1.12,broken clouds
275,Ola,RU,59.5833,151.2833,8.69,92,100,9.8,overcast clouds
276,Kieta,PG,-6.2167,155.6333,82.76,76,99,5.91,overcast clouds
277,Takoradi,GH,4.8845,-1.7554,77.05,88,79,3.42,broken clouds
278,Jibuti,DJ,11.5,42.5,68.63,76,34,13.06,scattered clouds
279,Dois Vizinhos,BR,-25.7336,-53.0572,66.15,98,16,1.88,few clouds
280,Ostrovnoy,RU,68.0531,39.5131,18.77,88,27,10.02,scattered clouds
281,Port Hedland,AU,-20.3167,118.5667,102.25,32,11,18.41,few clouds
282,Dunedin,NZ,-45.8742,170.5036,57.79,81,100,10.0,overcast clouds
283,La Ronge,CA,55.1001,-105.2842,1.65,78,100,9.22,overcast clouds
284,Kawardha,IN,22.0167,81.25,74.21,47,8,2.68,clear sky
285,Pevek,RU,69.7008,170.3133,11.32,79,100,3.94,overcast clouds
286,Sheridan,US,44.8333,-106.9173,14.45,62,0,0.0,clear sky
287,Honningsvag,NO,70.9821,25.9704,28.15,74,20,13.8,few clouds
288,Kargasok,RU,59.0556,80.8572,3.92,97,98,3.58,overcast clouds
289,Virginia Beach,US,36.8529,-75.978,61.02,93,40,13.8,scattered clouds
290,Davila,PH,18.4726,120.5763,87.78,68,4,7.78,clear sky
291,Codrington,AU,-38.2667,141.9667,79.63,47,100,7.11,overcast clouds
292,Egvekinot,RU,66.3167,-179.1667,15.69,94,100,13.38,snow
293,Turka,UA,49.1541,23.0297,27.79,89,100,4.21,overcast clouds
294,Concepcion Del Oro,MX,24.6333,-101.4167,55.31,67,0,7.78,clear sky
295,Aldan,RU,58.6031,125.3894,-1.07,96,100,15.52,light snow
296,Boysun,UZ,38.2061,67.1986,37.9,61,100,1.9,overcast clouds
297,Necochea,AR,-38.5473,-58.7368,62.11,70,16,9.66,few clouds
298,Talnakh,RU,69.4865,88.3972,-0.8,99,100,5.93,snow
299,Wuwei,CN,37.9281,102.6414,26.71,45,100,3.24,overcast clouds
300,Itoman,JP,26.1247,127.6694,81.37,80,75,9.22,broken clouds
301,Saint-Francois,FR,46.4154,3.9054,36.84,93,75,9.22,broken clouds
302,Autazes,BR,-3.5797,-59.1306,73.63,94,89,0.4,overcast clouds
303,Acapulco,MX,16.8634,-99.8901,78.12,73,0,5.61,clear sky
304,Rognan,NO,67.0953,15.3878,28.06,81,5,7.54,clear sky
305,Gizo,SB,-8.103,156.8419,84.04,69,78,6.64,broken clouds
306,Richards Bay,ZA,-28.783,32.0377,69.04,78,100,4.03,overcast clouds
307,Rtishchevo,RU,52.2604,43.7874,11.64,65,71,7.27,broken clouds
308,Karpushikha,RU,57.5017,59.8956,5.27,96,97,4.45,overcast clouds
309,Ishigaki,JP,24.3448,124.1572,80.73,78,40,9.22,scattered clouds
310,Shache,CN,38.4167,77.2406,27.03,23,75,0.45,broken clouds
311,Hualmay,PE,-11.0964,-77.6139,66.27,84,19,8.19,few clouds
312,Geraldton,AU,-28.7667,114.6,75.61,57,75,12.66,broken clouds
313,Am Timan,TD,11.0297,20.2827,71.01,20,70,8.16,broken clouds
314,Watertown,US,42.3709,-71.1828,45.41,64,20,17.27,few clouds
315,Iqaluit,CA,63.7506,-68.5145,17.33,72,100,10.36,light snow
316,Kavaratti,IN,10.5669,72.642,81.57,75,94,8.01,overcast clouds
317,Srednekolymsk,RU,67.45,153.6833,-42.5,100,52,2.15,broken clouds
318,Ca Mau,VN,9.1769,105.15,82.8,83,85,14.09,overcast clouds
319,Ipixuna,BR,-1.7625,-48.8043,73.98,94,100,1.97,overcast clouds
320,Coos Bay,US,43.3665,-124.2179,46.99,94,100,3.44,overcast clouds
321,Zarichne,UA,51.8126,26.129,25.92,89,99,11.27,overcast clouds
322,Bandarbeyla,SO,9.4942,50.8122,77.54,67,9,17.52,clear sky
323,Teguise,ES,29.0605,-13.564,57.42,88,20,6.91,light rain
324,Shadrinsk,RU,56.0852,63.6335,3.22,93,84,8.59,broken clouds
325,Itacare,BR,-14.2775,-38.9967,73.42,90,67,5.41,broken clouds
326,Ormara,PK,25.2088,64.6357,74.32,44,0,4.38,clear sky
327,Linhai,CN,28.85,121.1167,51.93,81,100,4.59,overcast clouds
328,Waingapu,ID,-9.6567,120.2641,87.35,53,93,10.13,overcast clouds
329,Zihuatanejo,MX,17.6333,-101.55,78.08,81,1,4.79,clear sky
330,Chiclana,AR,-35.7346,-61.7503,63.03,40,0,8.16,clear sky
331,Maneadero,MX,31.7167,-116.5667,56.1,86,100,2.28,overcast clouds
332,Omboue,GA,-1.5746,9.2618,74.25,95,100,2.06,light rain
333,Sagone,FR,42.1155,8.6969,52.27,77,80,5.14,broken clouds
334,Satipo,PE,-11.2522,-74.6386,67.08,99,100,2.46,overcast clouds
335,Penzance,GB,50.1186,-5.5371,41.68,80,100,19.3,overcast clouds
336,Tongzi,CN,28.7829,105.0877,47.44,71,100,1.1,overcast clouds
337,Sao Francisco De Assis,BR,-29.5503,-55.1311,69.26,95,42,5.01,scattered clouds
338,Ganta,LR,7.3022,-8.5308,67.69,98,87,1.88,overcast clouds
339,Villazon,BO,-22.0866,-65.5942,48.47,57,80,2.46,broken clouds
340,Ostersund,SE,63.1792,14.6357,20.61,100,100,35.99,overcast clouds
341,Plakhtiyivka,UA,46.1006,29.7217,37.13,78,100,10.92,overcast clouds
342,Mogadishu,SO,2.0371,45.3438,78.67,89,20,6.91,few clouds
343,Ornskoldsvik,SE,63.2909,18.7153,27.55,93,100,4.61,overcast clouds
344,Meulaboh,ID,4.1363,96.1285,82.17,72,88,1.57,overcast clouds
345,Kismayo,SO,-0.3582,42.5454,80.46,69,1,10.02,clear sky
346,Verkhnevilyuysk,RU,63.4453,120.3167,3.61,95,100,9.44,light snow
347,Beterou,BJ,9.1992,2.2586,77.43,59,26,2.77,scattered clouds
348,Wichita Falls,US,33.9137,-98.4934,41.14,53,0,5.75,clear sky
349,Vredendal,ZA,-31.6683,18.5012,55.27,74,88,1.66,overcast clouds
350,Lavrentiya,RU,65.5833,-171.0,32.74,98,100,12.37,snow
351,Krasnoarmeysk,RU,51.0239,45.6969,10.62,72,13,8.32,few clouds
352,Isangel,VU,-19.55,169.2667,87.91,74,75,5.75,light rain
353,Namibe,AO,-15.1961,12.1522,69.91,86,98,4.43,overcast clouds
354,Mapiri,BO,-15.25,-68.1667,70.29,78,100,1.52,overcast clouds
355,Tokur,RU,53.1333,132.9,-19.84,89,100,4.45,overcast clouds
356,Goderich,CA,43.7501,-81.7165,33.91,64,100,14.97,overcast clouds
357,Zhezkazgan,KZ,47.8043,67.7144,-9.42,77,20,4.47,few clouds
358,Kalmunai,LK,7.4167,81.8167,81.55,75,64,6.53,broken clouds
359,Seoul,KR,37.5683,126.9778,31.39,24,0,8.05,clear sky
360,Mahon,ES,39.8885,4.2658,52.36,87,20,5.75,few clouds
361,Marzuq,YE,14.4,46.4667,62.73,41,0,1.95,clear sky
362,Marsaxlokk,MT,35.8419,14.5431,61.09,88,0,1.14,clear sky
363,Malanje,AO,-9.5402,16.341,64.0,97,100,4.9,overcast clouds
364,Banon,ES,40.8382,-1.1909,40.26,93,0,3.44,clear sky
365,Ginda,IN,30.6945,78.4932,61.23,13,1,1.32,clear sky
366,Te Anau,NZ,-45.4167,167.7167,53.76,86,100,7.11,overcast clouds
367,Galle,LK,6.0367,80.217,80.1,75,96,1.72,overcast clouds
368,Luanda,AO,-8.8368,13.2343,77.0,88,75,6.91,broken clouds
369,Pingzhuang,CN,42.0372,119.2889,20.37,23,2,9.64,clear sky
370,Sibolga,ID,1.7427,98.7792,77.02,92,100,3.44,light rain
371,Baykit,RU,61.67,96.37,-13.81,99,65,2.57,broken clouds
372,Cabedelo,BR,-6.9811,-34.8339,77.67,79,19,12.44,few clouds
373,Nelson Bay,AU,-32.7167,152.15,75.0,62,82,14.0,broken clouds
374,Lima,PE,-12.0432,-77.0282,65.89,80,20,12.66,few clouds
375,Semey,KZ,50.4111,80.2275,-12.78,77,87,6.71,mist
376,Mount Isa,AU,-20.7333,139.5,96.57,11,40,6.91,scattered clouds
377,Nuuk,GL,64.1835,-51.7216,22.95,78,76,10.29,broken clouds
378,Mayumba,GA,-3.432,10.6554,75.06,90,100,4.81,light rain
379,Bodden Town,KY,19.2833,-81.25,80.6,83,40,11.5,scattered clouds
380,Paamiut,GL,61.994,-49.6678,18.88,68,12,13.56,few clouds
381,Harper,LR,4.375,-7.7169,76.69,86,100,7.38,overcast clouds
382,Cayenne,GF,4.9333,-52.3333,73.44,100,75,2.3,broken clouds
383,Elat,IL,29.5581,34.9482,58.84,63,0,4.61,clear sky
384,Ofaqim,IL,31.3141,34.6203,60.17,63,55,3.89,broken clouds
385,Gafanha Da Encarnacao,PT,40.6181,-8.733,50.05,80,88,8.43,overcast clouds
386,Sampit,ID,-2.5333,112.95,87.17,59,100,3.36,overcast clouds
387,Saint Anthony,US,45.0205,-93.218,11.19,77,0,5.75,clear sky
388,Chadan,RU,51.2833,91.5833,-19.66,95,35,1.83,scattered clouds
389,Sao Felix Do Xingu,BR,-6.6447,-51.995,71.01,100,100,2.24,overcast clouds
390,Sao Joao Da Barra,BR,-21.6403,-41.0511,72.68,89,100,15.66,overcast clouds
391,Hede,CN,33.7681,120.2517,46.45,49,98,15.97,overcast clouds
392,Maceio,BR,-9.6658,-35.7353,72.84,94,20,3.44,few clouds
393,Kokopo,PG,-4.352,152.2633,82.76,73,71,6.13,light rain
394,Provideniya,RU,64.3833,-173.3,34.72,98,100,10.94,snow
395,Bahia Blanca,AR,-38.7196,-62.2724,76.28,45,0,7.47,clear sky
396,Karlskrona,SE,56.1616,15.5866,34.25,92,99,15.19,overcast clouds
397,Massa Marittima,IT,43.049,10.8928,51.33,100,100,2.62,overcast clouds
398,Nishihara,JP,26.1842,127.7558,80.65,81,40,9.22,scattered clouds
399,Benjamin Hill,MX,30.1667,-111.1,67.48,51,100,5.93,overcast clouds
400,Port-Gentil,GA,-0.7193,8.7815,77.18,85,100,7.74,light rain
401,Yuryuzan,RU,54.8633,58.4219,3.54,95,94,2.53,overcast clouds
402,Port Augusta,AU,-32.5,137.7667,100.56,9,35,6.8,scattered clouds
403,Jumla,NP,29.2747,82.1838,55.31,16,0,2.26,clear sky
404,Sumbe,AO,-11.2061,13.8437,76.93,87,100,5.66,overcast clouds
405,Singaparna,ID,-7.3515,108.111,80.82,73,100,4.29,overcast clouds
406,Hasaki,JP,35.7333,140.8333,61.2,41,35,4.09,scattered clouds
407,Faya,SA,18.3851,42.4509,50.11,82,0,0.89,clear sky
408,Colares,PT,38.7992,-9.4469,53.76,90,10,11.99,clear sky
409,Awbari,LY,26.5921,12.7805,63.45,27,2,8.32,clear sky
410,Arlit,NE,18.7369,7.3853,72.48,17,22,7.36,few clouds
411,Guerrero Negro,MX,27.9769,-114.0611,64.06,82,96,8.59,overcast clouds
412,Mackay,AU,-21.15,149.2,86.68,58,2,14.09,clear sky
413,San Luis Potosi,MX,22.5,-100.5,53.92,99,31,5.1,scattered clouds
414,Komsomolskiy,UZ,40.4272,71.7189,36.32,80,75,4.61,mist
415,Maumere,ID,-8.6199,122.2111,85.78,63,88,1.28,overcast clouds
416,Leningradskiy,RU,69.3833,178.4167,14.99,90,100,18.52,light snow
417,Kurmanayevka,RU,52.5093,52.0675,3.22,84,1,4.76,clear sky
418,Ballina,AU,-28.8667,153.5667,70.79,85,89,11.34,overcast clouds
419,Topdac,PH,16.5553,120.7116,76.53,45,28,1.23,scattered clouds
420,Arawa,PG,-6.2132,155.5367,83.16,77,98,5.39,overcast clouds
421,Dehui,CN,44.5333,125.7,10.06,42,0,12.75,clear sky
422,Matamoros,MX,25.5333,-103.25,64.85,70,5,9.53,clear sky
423,Dunda,TZ,-8.1167,34.25,67.3,80,83,1.28,broken clouds
424,Sesheke,ZM,-17.4759,24.2968,69.03,33,2,5.32,clear sky
425,Khani,GE,41.9563,42.9566,40.57,97,100,4.54,overcast clouds
426,Humaita,BR,-7.5061,-63.0208,72.97,93,69,2.59,broken clouds
427,Cortez,US,37.3489,-108.5859,44.04,55,75,3.44,broken clouds
428,Solnechnyy,RU,50.7214,136.6319,-3.05,80,100,3.8,overcast clouds
429,Challans,FR,46.8436,-1.8749,39.4,90,98,8.95,overcast clouds
430,Palmer,US,42.1584,-72.3287,42.24,57,20,14.97,few clouds
431,Westport,US,41.1415,-73.3579,47.75,57,4,8.01,clear sky
432,Vanersborg,SE,58.3807,12.3234,32.58,74,100,13.8,overcast clouds
433,Tottori,JP,35.5,134.2333,51.87,71,75,5.75,broken clouds
434,Kushiro,JP,42.975,144.3747,38.35,44,20,13.8,few clouds
435,Salalah,OM,17.0151,54.0924,76.06,47,0,2.93,clear sky
436,Zhangye,CN,38.9342,100.4517,27.59,44,92,3.87,overcast clouds
437,Muscat,OM,23.6139,58.5922,76.86,54,25,1.88,scattered clouds
438,Asau,RO,46.4333,26.4,29.32,98,100,2.98,overcast clouds
439,Merauke,ID,-8.4667,140.3333,85.32,63,98,8.05,overcast clouds
440,Bedesa,ET,8.9,40.7833,58.46,59,93,2.95,overcast clouds
441,Malatya,TR,38.5,38.0,28.45,100,0,5.75,clear sky
442,Lasa,IT,46.6166,10.7002,36.01,99,98,4.16,overcast clouds
443,Nowa Ruda,PL,50.5801,16.5016,40.42,99,98,1.74,overcast clouds
444,Luxor,EG,25.6989,32.6421,55.45,58,0,0.0,clear sky
445,Itupiranga,BR,-5.1347,-49.3267,75.52,96,100,2.1,overcast clouds
446,Vila,PT,42.0304,-8.1588,29.28,90,1,3.96,clear sky
447,Sambava,MG,-14.2667,50.1667,77.47,77,46,6.42,scattered clouds
448,Chany,RU,55.3121,76.7647,-7.28,88,98,5.5,overcast clouds
449,Crossville,US,35.949,-85.0269,38.05,81,0,3.44,clear sky
450,Dehri,IN,24.8667,84.1833,69.31,35,0,3.98,clear sky
451,Grinnell,US,41.743,-92.7224,20.98,65,0,5.75,clear sky
452,Annau,TM,37.8876,58.516,27.9,86,100,4.61,light snow
453,Buluang,PH,13.3068,123.3425,87.06,65,80,1.03,broken clouds
454,Bac Lieu,VN,9.285,105.7244,81.36,83,83,19.91,broken clouds
455,Kaka,TM,37.3482,59.6143,35.04,29,15,3.18,few clouds
456,Acari,PE,-15.4311,-74.6158,68.81,77,27,2.82,scattered clouds
457,Kloulklubed,PW,7.0419,134.2556,83.62,78,77,16.33,heavy intensity rain
458,Hanzhong,CN,33.0728,107.0303,48.61,46,96,7.54,overcast clouds
459,Kytmanovo,RU,53.4593,85.4479,-7.37,97,100,2.1,overcast clouds
460,Rio Grande,BR,-32.035,-52.0986,68.5,96,52,5.77,broken clouds
461,Comarapa,BO,-17.9,-64.4833,55.81,73,57,0.65,broken clouds
462,Tsuyama,JP,35.05,134.0,52.63,65,96,5.21,overcast clouds
463,Nantucket,US,41.2835,-70.0995,54.14,87,79,25.48,broken clouds
464,Ekhabi,RU,53.5102,142.9671,1.62,85,73,19.1,broken clouds
465,Ati,TD,13.2154,18.3353,72.54,21,98,9.89,overcast clouds
466,Port Moresby,PG,-9.4431,147.1797,89.02,58,40,11.5,scattered clouds
467,Alta Floresta,BR,-9.8756,-56.0861,70.5,96,87,2.75,moderate rain
468,Nikolsk,RU,53.7189,46.0712,6.28,96,36,2.73,scattered clouds
469,Kourou,GF,5.1552,-52.6478,73.45,91,76,4.14,broken clouds
470,Qaqortoq,GL,60.7167,-46.0333,13.28,80,5,9.04,clear sky
471,Yar-Sale,RU,66.8333,70.8333,28.24,86,100,13.98,overcast clouds
472,Traverse City,US,44.7631,-85.6206,26.71,78,40,9.22,scattered clouds
473,Iwanai,JP,42.9744,140.5089,23.9,79,100,20.89,light snow
474,Agirish,RU,61.9247,63.0231,13.35,92,100,7.27,overcast clouds
475,Omsukchan,RU,62.5333,155.8,-15.95,85,50,3.83,scattered clouds
476,Ranong,TH,9.9658,98.6348,76.93,90,100,6.55,moderate rain
477,Port Blair,IN,11.6667,92.75,84.24,79,40,10.36,scattered clouds
478,Upernavik,GL,72.7868,-56.1549,19.17,70,100,18.75,overcast clouds
479,Tadine,NC,-21.55,167.8833,79.34,80,100,4.79,moderate rain
480,Looc,PH,12.2605,121.9926,86.13,67,71,8.25,broken clouds
481,Rebrikha,RU,53.0733,82.3408,-2.56,95,100,4.14,overcast clouds
482,Kuching,MY,1.55,110.3333,86.29,79,40,4.61,scattered clouds
483,Taltal,CL,-25.4,-70.4833,65.77,70,7,5.73,clear sky
484,Keuruu,FI,62.2667,24.7,23.18,99,92,0.69,overcast clouds
485,Piedade,BR,-23.7119,-47.4278,66.74,96,100,4.18,overcast clouds
486,Khuzhir,RU,53.1939,107.3397,9.32,68,100,12.28,overcast clouds
487,Narsaq,GL,60.9167,-46.05,10.99,69,2,9.28,clear sky
488,Shenkursk,RU,62.1091,42.896,11.91,90,88,6.08,overcast clouds
489,Mirnyy,RU,62.5353,113.9611,6.24,84,100,15.99,overcast clouds
490,Santa Isabel Do Rio Negro,BR,-0.4139,-65.0192,72.16,99,80,0.36,broken clouds
491,Yambio,SS,4.5721,28.3955,68.65,66,38,1.7,scattered clouds
492,Jutai,BR,-5.1833,-68.9,72.16,98,89,1.68,overcast clouds
493,Gushikawa,JP,26.3544,127.8686,80.6,83,40,6.91,scattered clouds
494,Gilgit,PK,35.9221,74.3087,44.2,50,81,2.06,broken clouds
495,Udachnyy,RU,66.4167,112.4,12.45,85,100,27.87,light snow
496,Vanavara,RU,60.34,102.2797,-6.43,96,79,7.45,broken clouds
497,Bondoukou,CI,8.0333,-2.8,71.2,91,36,2.51,scattered clouds
498,Mwinilunga,ZM,-11.7358,24.4293,59.27,92,31,1.7,scattered clouds
499,Sao Sepe,BR,-30.1606,-53.5653,67.48,94,32,4.94,scattered clouds
500,Cairns,AU,-16.9167,145.7667,89.06,54,40,16.11,moderate rain
501,Dragoman,BG,42.9189,22.9317,42.91,95,100,5.99,overcast clouds
502,Hamilton,US,39.1834,-84.5333,32.63,77,22,1.99,few clouds
503,Beringovskiy,RU,63.05,179.3167,34.52,99,100,14.56,snow
504,Hoganas,SE,56.1997,12.558,34.48,65,96,11.99,overcast clouds
505,Sistranda,NO,63.7256,8.834,28.36,63,28,7.92,scattered clouds
506,Oranjemund,NA,-28.55,16.4333,56.43,88,5,8.41,clear sky
507,Bilma,NE,18.6853,12.9164,69.71,24,4,8.81,clear sky
508,Burgersdorp,ZA,-30.9977,26.3286,54.37,71,4,3.62,clear sky
509,Orlik,RU,52.5178,99.825,-8.28,83,72,2.19,broken clouds
510,Timra,SE,62.487,17.3257,25.68,86,100,6.91,overcast clouds
511,Antofagasta,CL,-23.65,-70.4,61.88,69,25,5.59,scattered clouds
512,Imbituba,BR,-28.24,-48.6703,72.63,98,100,8.14,light rain
513,Bonthe,SL,7.5264,-12.505,75.31,87,79,2.28,moderate rain
514,Balaipungut,ID,1.05,101.2833,80.55,86,100,2.51,overcast clouds
515,Ikovka,RU,55.6089,64.9375,1.83,84,74,7.09,broken clouds
516,Hobyo,SO,5.3505,48.5268,79.56,68,65,19.57,broken clouds
517,San Juan,AR,-31.5375,-68.5364,83.35,25,100,7.56,light rain
518,Ust-Maya,RU,60.4167,134.5333,-18.17,95,100,1.3,overcast clouds
519,Villarrica,PY,-25.75,-56.4333,70.29,94,31,3.11,scattered clouds
520,Besikduzu,TR,41.052,39.2284,53.49,87,98,1.1,overcast clouds
521,Hami,CN,42.8,93.45,24.37,44,2,4.83,clear sky
522,Bengkulu,ID,-3.8004,102.2655,82.04,71,28,5.41,scattered clouds
523,Trincomalee,LK,8.5711,81.2335,81.25,78,84,8.84,broken clouds
524,Norrtalje,SE,59.758,18.705,32.02,70,100,5.03,overcast clouds
525,Mocuba,MZ,-16.8392,36.9856,77.09,70,0,4.18,clear sky
526,Valparaiso,CL,-33.0393,-71.6273,63.48,100,0,5.75,clear sky
527,Fram,PY,-26.9833,-55.8833,75.79,93,23,3.58,few clouds
528,Ukiah,US,39.1502,-123.2078,47.16,94,100,0.0,overcast clouds
529,Tigil,RU,57.8,158.6667,-1.12,89,61,5.37,broken clouds
530,Kabompo,ZM,-13.5927,24.2008,60.4,70,33,3.22,scattered clouds
531,Grindavik,IS,63.8424,-22.4338,39.67,93,75,5.75,light intensity drizzle
532,San Jose,US,37.3394,-121.895,54.68,94,100,4.61,moderate rain
533,Kichera,RU,55.9375,110.0997,-1.26,85,93,1.54,overcast clouds
534,Kholmogory,RU,64.2229,41.656,14.22,90,73,6.35,broken clouds
535,Yerbogachen,RU,61.2767,108.0108,-2.63,95,100,11.36,overcast clouds
536,Dwarka,IN,22.2394,68.9678,76.71,40,18,13.11,few clouds
537,Andros Town,BS,24.7,-77.7667,77.27,58,36,19.82,scattered clouds
538,Paraiso,CR,9.8383,-83.8656,63.46,91,95,3.11,overcast clouds
539,Ayagoz,KZ,47.9714,80.4392,10.76,81,100,2.08,overcast clouds
540,Laguna,US,38.421,-121.4238,44.89,95,100,9.22,moderate rain
541,Johi,PK,26.6921,67.6133,68.18,25,0,5.12,clear sky
542,Kissidougou,GN,9.1848,-10.0999,67.32,95,70,3.27,broken clouds
543,Havre-Saint-Pierre,CA,50.2334,-63.5986,43.16,93,100,19.57,light rain
544,Progreso,MX,21.2833,-89.6667,77.41,75,0,17.16,clear sky
545,Vytegra,RU,61.0064,36.4481,19.56,83,100,11.25,overcast clouds
546,Sombrio,BR,-29.1139,-49.6167,76.93,97,100,2.84,overcast clouds
547,Cotonou,BJ,6.3654,2.4183,80.58,89,20,9.22,few clouds
548,Hirara,JP,24.8,125.2833,80.87,69,40,8.05,scattered clouds
549,Northam,GB,51.0333,-4.2167,41.4,70,100,14.34,overcast clouds
550,Bilibino,RU,68.0546,166.4372,7.25,93,100,3.22,light snow
551,Turukhansk,RU,65.8167,87.9833,-14.6,99,97,5.06,overcast clouds
552,Zheleznogorsk-Ilimskiy,RU,56.5768,104.1217,2.19,90,100,7.34,overcast clouds
553,Opuwo,NA,-18.0607,13.84,68.45,42,26,2.48,scattered clouds
554,Zhigansk,RU,66.7697,123.3711,-20.0,98,100,20.18,light snow
555,Esso,RU,55.9333,158.7,-0.9,98,58,2.91,broken clouds
556,Namatanai,PG,-3.6667,152.4333,84.96,68,77,5.19,light rain
557,Changping,CN,40.2186,116.2197,31.64,14,6,1.25,clear sky
558,Kinsale,IE,51.7075,-8.5306,42.17,87,75,13.8,broken clouds
559,Mitu,CO,1.1983,-70.1733,74.26,81,98,2.51,overcast clouds
560,Boueni,YT,-12.9025,45.0761,80.58,74,4,10.98,clear sky
561,Miles City,US,46.4083,-105.8406,13.86,86,5,4.16,clear sky
562,Boyolangu,ID,-8.1181,111.8935,84.65,68,99,5.08,overcast clouds
563,Praia,CV,14.9215,-23.5087,68.54,68,20,6.91,few clouds
564,Kropotkin,RU,45.4375,40.5756,24.13,69,8,22.1,clear sky
565,Lincoln,US,40.8,-96.667,28.53,56,98,7.0,overcast clouds
566,Moyale,KE,3.5167,39.0584,66.52,74,92,4.88,overcast clouds
567,Svetlogorsk,BY,52.6333,29.7333,19.17,90,99,9.06,overcast clouds
568,Vila Velha,BR,-20.3297,-40.2925,71.94,98,100,2.3,overcast clouds
569,Adrar,MR,20.5022,-10.0711,66.27,25,0,5.12,clear sky
570,Punto Fijo,VE,11.6956,-70.1996,77.79,80,49,10.29,scattered clouds
571,Hokitika,NZ,-42.7167,170.9667,59.7,68,80,13.04,broken clouds
572,Schmallenberg,DE,51.15,8.3,28.51,91,99,4.41,overcast clouds
573,Escanaba,US,45.7453,-87.0646,21.51,74,77,15.01,broken clouds
574,Hofn,IS,64.2539,-15.2082,36.43,56,0,5.73,clear sky
575,Behshahr,IR,36.6923,53.5526,48.15,91,100,3.67,light rain
576,Broceni,LV,56.7,22.5333,25.65,96,100,5.66,overcast clouds
577,Watrous,CA,51.6668,-105.4679,1.18,66,60,14.97,broken clouds
578,Kyren,RU,51.6828,102.1408,4.46,75,78,0.63,broken clouds
579,Gorontalo,ID,0.5412,123.0595,87.21,65,100,2.95,overcast clouds
580,Huarmey,PE,-10.0681,-78.1522,66.42,87,1,7.4,clear sky
581,Kagadi,UG,0.9606,30.7967,61.36,92,93,2.82,overcast clouds
582,Santa Barbara,US,34.7333,-120.0343,54.79,95,100,5.75,overcast clouds
583,Chardara,KZ,41.2547,67.9692,26.01,58,100,11.41,overcast clouds
584,Gualaquiza,EC,-3.4,-78.55,60.89,98,88,1.86,overcast clouds
585,Tessalit,ML,20.1986,1.0114,70.14,18,11,6.6,few clouds
586,Yarmouth,US,41.7057,-70.2286,51.01,80,100,31.0,overcast clouds
587,Elk Plain,US,47.0532,-122.3976,37.22,84,0,0.0,clear sky
588,Oistins,BB,13.0667,-59.5333,78.89,78,20,9.22,few clouds
589,Fereydun Kenar,IR,36.6864,52.5225,48.7,84,100,10.51,moderate rain
590,Severiano Melo,BR,-5.7772,-37.9578,78.8,61,100,8.3,overcast clouds
591,Castrillon,ES,43.3979,-6.7922,36.34,90,45,3.29,scattered clouds
592,Palauig,PH,15.435,119.9045,88.02,59,77,5.21,broken clouds
593,Kachug,RU,53.9606,105.8817,3.63,81,100,3.02,overcast clouds
594,Fort Nelson,CA,58.8053,-122.7002,37.94,70,94,5.01,overcast clouds
595,Maragogi,BR,-9.0122,-35.2225,76.42,85,6,10.33,clear sky
596,Sakakah,SA,29.9697,40.2064,56.77,77,96,8.57,overcast clouds
597,Campbell River,CA,50.0163,-125.2446,31.53,100,20,3.44,fog
598,Saint-Augustin,CA,51.226,-58.6502,35.17,84,100,19.82,light snow
599,Bratsk,RU,56.1325,101.6142,-1.66,85,99,8.03,overcast clouds
600,Ishim,RU,56.1128,69.4902,2.21,94,100,6.11,overcast clouds
601,Belaya Gora,RU,68.5333,146.4167,-16.37,94,100,4.94,overcast clouds
602,High Level,CA,58.5169,-117.136,30.31,64,100,11.5,overcast clouds
603,Piacabucu,BR,-10.4056,-36.4344,74.97,88,100,8.12,overcast clouds
604,Darhan,MN,49.4867,105.9228,-1.41,73,19,5.37,few clouds
605,Skjervoy,NO,70.0311,20.9714,24.8,67,1,11.68,clear sky
606,Port Lincoln,AU,-34.7333,135.8667,72.07,59,90,16.6,overcast clouds
607,San Cristobal,VE,7.7669,-72.225,66.38,96,96,3.42,overcast clouds
608,Lokosovo,RU,61.1333,74.8167,7.83,98,96,3.85,overcast clouds
609,Urucara,BR,-2.5364,-57.76,73.71,96,100,1.45,overcast clouds
610,Baruun-Urt,MN,46.6806,113.2792,4.17,63,6,11.65,clear sky
611,Edea,CM,3.8,10.1333,75.63,95,100,1.12,overcast clouds
612,Sandi,IN,27.3,79.95,67.1,38,0,4.54,clear sky
613,Alyangula,AU,-13.8483,136.4192,89.67,47,93,6.33,overcast clouds
614,Ahuimanu,US,21.4447,-157.8378,76.6,83,18,7.0,few clouds
615,Tuatapere,NZ,-46.1333,167.6833,57.94,74,100,8.95,light rain
616,Knysna,ZA,-34.0363,23.0471,58.42,76,56,2.51,broken clouds
617,Koygorodok,RU,60.445,50.9968,3.9,97,33,2.82,scattered clouds
618,Chojnice,PL,53.6955,17.557,31.17,95,100,9.26,overcast clouds
619,Okhotsk,RU,59.3833,143.3,-16.17,89,100,11.77,overcast clouds
620,Benguela,AO,-12.5763,13.4055,75.76,83,100,2.89,overcast clouds
621,Pangkalanbuun,ID,-2.6833,111.6167,89.96,54,100,3.27,overcast clouds
622,Nanakuli,US,21.3906,-158.1547,76.86,72,11,12.06,few clouds
623,Fukue,JP,32.6881,128.8419,59.36,67,75,16.11,light rain
624,Abaujszanto,HU,48.2833,21.2,38.46,89,100,3.2,overcast clouds
625,Beni Mazar,EG,28.4962,30.8029,57.79,80,92,12.3,overcast clouds
626,Russell,US,32.3502,-85.1999,63.68,100,100,0.0,fog
627,Naantali,FI,60.4674,22.0243,26.11,93,100,2.3,overcast clouds
628,Dumitra,RO,47.2167,24.4833,35.28,86,99,2.8,overcast clouds
629,Rudbar,AF,30.15,62.6,53.74,28,1,1.19,clear sky
630,Mehran,IR,33.1222,46.1646,58.73,65,100,5.61,overcast clouds
631,Starosubkhangulovo,RU,53.1031,57.4423,-4.13,98,8,1.66,clear sky
632,Bukoba,TZ,-1.3317,31.8122,67.98,88,40,0.0,scattered clouds
633,Pochutla,MX,15.7432,-96.4661,74.82,64,0,3.76,clear sky
634,Grand-Santi,GF,4.25,-54.3833,71.67,99,99,1.12,overcast clouds
635,Sinsheim,DE,49.2529,8.8787,36.57,88,100,10.49,overcast clouds
636,San Angelo,US,31.4638,-100.437,46.54,55,99,4.0,overcast clouds
637,La Rioja,ES,42.25,-2.5,29.98,88,23,4.43,few clouds
638,Verkhnetulomskiy,RU,68.6073,31.7962,10.53,98,81,1.19,broken clouds
639,Makakilo City,US,21.3469,-158.0858,75.43,79,8,12.71,clear sky
640,Tupik,RU,54.4253,119.9327,-6.7,82,75,2.77,broken clouds
641,Murfreesboro,US,35.8456,-86.3903,39.58,79,0,0.0,clear sky
642,Katherine,AU,-14.4667,132.2667,97.12,30,100,10.36,overcast clouds
643,Porto Novo,BJ,6.4965,2.6036,80.42,88,14,3.87,few clouds
644,Riyadh,SA,24.6877,46.7219,60.94,36,5,7.61,clear sky
645,Acarigua,VE,9.5545,-69.1956,72.81,81,100,4.83,overcast clouds
646,Dom Pedrito,BR,-30.9828,-54.6731,66.56,96,56,4.16,broken clouds
647,Kargil,IN,34.5667,76.1,22.01,37,8,1.03,clear sky
648,Weymouth,US,42.2209,-70.9398,45.19,67,69,5.01,broken clouds
649,Racoviteni,RO,45.3667,26.9,34.81,89,100,4.45,overcast clouds
650,Chimoio,MZ,-19.1164,33.4833,69.49,78,4,2.73,clear sky
651,Ambrolauri,GE,42.5211,43.1622,37.13,91,93,4.18,overcast clouds
652,Slyudyanka,RU,51.6594,103.7061,11.41,73,98,2.95,overcast clouds
653,Krasnogvardeyskiy,RU,57.3793,62.3195,8.53,88,100,6.4,overcast clouds
654,Mogzon,RU,51.7435,111.9606,3.81,76,100,13.67,overcast clouds
655,Elizabeth City,US,36.2946,-76.2511,62.02,94,97,5.01,overcast clouds
656,Yaan,NG,7.3833,8.5667,71.98,66,1,5.46,clear sky
657,Lithgow,AU,-33.4833,150.15,76.6,24,1,5.26,clear sky
658,Chunoyar,RU,57.4467,97.3217,0.91,95,96,4.83,overcast clouds
659,Panaba,MX,21.2833,-88.2667,74.28,86,28,10.16,scattered clouds
660,Limbazi,LV,57.5129,24.7194,27.01,97,100,4.41,overcast clouds
661,Manzil Salim,TN,35.8567,8.4765,46.26,51,0,5.46,clear sky
662,Rapid Valley,US,44.0625,-103.1463,29.52,50,0,4.0,clear sky
663,Pyapon,MM,16.2833,95.6833,85.8,63,31,6.51,scattered clouds
664,Paita,PE,-5.0892,-81.1144,66.31,86,30,9.28,scattered clouds
665,Teya,RU,60.3778,92.6267,-6.99,98,91,3.33,overcast clouds
666,Coquimbo,CL,-29.9533,-71.3436,58.73,88,0,2.3,clear sky
667,Thai Binh,VN,20.45,106.3333,68.54,77,100,7.16,overcast clouds
668,Ossora,RU,59.2353,163.0719,5.41,84,3,8.19,clear sky
669,Huoqiu,CN,32.3394,116.2694,39.42,85,100,10.27,overcast clouds
670,Peleduy,RU,59.6289,112.7406,0.9,94,100,13.71,light snow
671,Manoel Urbano,BR,-8.8389,-69.2597,71.53,86,100,2.59,overcast clouds
672,Catuday,PH,16.2923,119.8062,85.26,63,31,6.91,scattered clouds
673,Merida,MX,20.9667,-89.6167,75.38,77,0,8.79,clear sky
674,Parana,AR,-31.732,-60.5238,73.54,62,0,8.9,clear sky
675,Luganville,VU,-15.5333,167.1667,86.31,68,100,9.62,overcast clouds
676,Manggar,ID,-2.8833,108.2667,84.92,67,92,6.6,light rain
677,Sorland,NO,67.667,12.6934,37.26,75,100,18.52,overcast clouds
678,Blagoyevo,RU,63.3667,47.9167,-0.58,99,52,2.68,broken clouds
679,Auki,SB,-8.7676,160.7034,85.89,61,94,3.04,overcast clouds
680,Winnemucca,US,40.973,-117.7357,31.8,71,100,6.33,overcast clouds
681,Banda Aceh,ID,5.5577,95.3222,81.99,70,99,3.2,light rain
682,Natal,BR,-5.795,-35.2094,77.22,78,40,9.22,scattered clouds
683,Techiman,GH,7.5862,-1.9414,69.42,90,53,2.53,broken clouds
684,Ust-Tsilma,RU,65.441,52.1498,-8.5,100,47,2.21,scattered clouds
685,Shenavan,AM,40.0549,43.9288,42.31,77,94,2.95,overcast clouds
686,Pyaozerskiy,RU,65.8333,31.1667,20.88,95,100,5.93,light snow
687,Araouane,ML,18.9048,-3.5265,72.86,19,87,10.56,overcast clouds
688,Ust-Kalmanka,RU,52.1207,83.305,-3.19,92,100,3.96,overcast clouds
689,Potosi,BO,-19.5836,-65.7531,42.06,68,48,5.68,scattered clouds
690,Sinnamary,GF,5.3833,-52.95,76.14,88,82,5.97,broken clouds
691,Kannur,IN,11.8675,75.3576,83.08,63,22,4.68,few clouds
692,Donegal,IE,54.65,-8.1167,41.23,85,100,6.6,overcast clouds
693,Mirabad,AF,30.4362,61.8383,51.89,29,0,3.91,clear sky
694,Namwala,ZM,-15.7504,26.4384,66.63,42,6,4.16,clear sky
695,Aitape,PG,-3.1374,142.3475,79.32,86,100,7.52,heavy intensity rain
696,Portland,US,45.5234,-122.6762,39.2,59,35,18.99,scattered clouds
697,Bucovat,RO,44.3,23.75,37.49,94,75,9.22,broken clouds
698,Madang,PG,-5.2246,145.7966,83.26,80,89,6.02,overcast clouds
699,Nanaimo,CA,49.1663,-123.936,36.77,91,21,8.79,light rain
700,Kiskunlachaza,HU,47.1884,19.0093,39.04,90,100,10.22,overcast clouds
701,Saint-Denis,FR,48.9167,2.3333,37.18,87,100,12.66,overcast clouds
702,Ust-Kuyga,RU,70.0167,135.6,-9.0,98,100,10.11,light snow
703,Scandicci,IT,43.7542,11.1879,52.54,95,75,4.61,broken clouds
704,Naze,JP,28.3667,129.4833,69.89,80,81,4.72,broken clouds
